unique_id,text,RELEVANCE_x,llm_query,RELEVANCE_y,iteration
0,  The U.S. has led the way in the relief effort just as we typically do.,Not relevant,"0   The U.S. has led the way in the relief effort just as we typically do.
",Not relevant,1
1,"Inthe past 10 years, the U.S. has contributed $30 billion out of a worldwidetotal of $90 billion in humanitarian assistance for disasters of all kinds.",Not relevant,"1 Inthe past 10 years, the U.S. has contributed $30 billion out of a worldwidetotal of $90 billion in humanitarian assistance for disasters of all kinds.
",Not relevant,1
2,"  Of course, scientists dont know that climate change produced TyphoonHaiyan, but it is just the kind of thing we can expect more of in a worldwhere our climate is rapidly changing and it reminds us that thecorresponding impacts have the potential to be fundamentally disruptiveto our world and the world we hope to leave to our children andgrandchildren.",Not relevant,"2   Of course, scientists dont know that climate change produced TyphoonHaiyan, but it is just the kind of thing we can expect more of in a worldwhere our climate is rapidly changing and it reminds us that thecorresponding impacts have the potential to be fundamentally disruptiveto our world and the world we hope to leave to our children andgrandchildren.
",Relevant,1
3,  It is for this reason that President Obama and the U.S. government arehard at work to help solve our shared climate challenge.,Not relevant,"3   It is for this reason that President Obama and the U.S. government arehard at work to help solve our shared climate challenge.
",Statement of intent,1
4,"  Last June, President Obama announced the U.S. Climate Action Plan toaddress climate change at home and abroad.",Not relevant,"4   Last June, President Obama announced the U.S. Climate Action Plan toaddress climate change at home and abroad.
",Not relevant,1
5,"  We have issued important draft regulations on carbon pollution fromnew power plants in the United States, and are hard at work developingregulations that will cover existing power plants as well.",Not relevant,"5   We have issued important draft regulations on carbon pollution fromnew power plants in the United States, and are hard at work developingregulations that will cover existing power plants as well.
",Not relevant,1
6,  President Obama has also issued landmark rules for vehicles.,Not relevant,"6   President Obama has also issued landmark rules for vehicles.
",Not relevant,1
7,Fuelefficiency standards for cars and light trucks are doubling from 27 milesper gallon to over 54 miles per gallon over the space of about a dozenyears.,Not relevant,"7 Fuelefficiency standards for cars and light trucks are doubling from 27 milesper gallon to over 54 miles per gallon over the space of about a dozenyears.
",Not relevant,1
8,A strengthening of standards is also in the works for heavy-dutyvehicles.,Not relevant,"8 A strengthening of standards is also in the works for heavy-dutyvehicles.
",Not relevant,1
9,"  These are large-scale efforts, with power and transportation togetheraccounting for about two-thirds of total U.S. energy emissions.",Not relevant,"9   These are large-scale efforts, with power and transportation togetheraccounting for about two-thirds of total U.S. energy emissions.
",Not relevant,1
10,"  Having doubled renewable energy production in the Presidents firstterm, were doubling it again between now and 2020, and were rampingup even further our substantial energy efficiency efforts.",Not relevant,"10   Having doubled renewable energy production in the Presidents firstterm, were doubling it again between now and 2020, and were rampingup even further our substantial energy efficiency efforts.
",Not relevant,1
11,"  All in all, were making good progress toward meeting our commitmentto reduce emissions in the range of 17 percent by 2020 from 2005 levels.",Not relevant,"11   All in all, were making good progress toward meeting our commitmentto reduce emissions in the range of 17 percent by 2020 from 2005 levels.
",Not relevant,1
12,"  The U.S. also continues to play an important role in climate finance,increasing our assistance to $2.7 billion in fiscal year 2013 andconvening donor countries to develop coordinated strategies to meetingthe $100 billion long-term finance goal.",Not relevant,"12   The U.S. also continues to play an important role in climate finance,increasing our assistance to $2.7 billion in fiscal year 2013 andconvening donor countries to develop coordinated strategies to meetingthe $100 billion long-term finance goal.
",Not relevant,1
13,"•  Simultaneously, we are fully engaged in crafting a new internationalclimate agreement for the post-2020 period that is ambitious, effective,and durable.",Statement of intent,"13 •  Simultaneously, we are fully engaged in crafting a new internationalclimate agreement for the post-2020 period that is ambitious, effective,and durable.
",Statement of intent,1
14,We have advocated a structure for the new agreement thatis designed to attract the participation of all countries.,Relevant,"14 We have advocated a structure for the new agreement thatis designed to attract the participation of all countries.
",Statement of intent,1
15,"•  This kind of structure, based on a spectrum of mitigation commitments,self-differentiated across the broad range of evolving nationalcircumstances and capabilities, and in this way consistent with theprinciple of common but differentiated responsibilities and respectivecapabilities, is the only kind that we can see producing the ambitious,inclusive agreement we need.",Relevant,"15 •  This kind of structure, based on a spectrum of mitigation commitments,self-differentiated across the broad range of evolving nationalcircumstances and capabilities, and in this way consistent with theprinciple of common but differentiated responsibilities and respectivecapabilities, is the only kind that we can see producing the ambitious,inclusive agreement we need.
",Relevant,1
16,"•  By contrast, an agreement based on 1992 categories that are unchangingwill not work.",Relevant,"16 •  By contrast, an agreement based on 1992 categories that are unchangingwill not work.
",Relevant,1
17,There are options here.,Not relevant,"17 There are options here.
",Not relevant,1
18,"If those categories are to beoperational in character , in other words, determine who has what kindof obligations and responsibilities,  they must evolve to reflect changingcircumstances.",Relevant,"18 If those categories are to beoperational in character , in other words, determine who has what kindof obligations and responsibilities,  they must evolve to reflect changingcircumstances.
",Relevant,1
19,"Alternatively, they can remain unchanged if they are notoperational.",Not relevant,"19 Alternatively, they can remain unchanged if they are notoperational.
",Not relevant,1
20,But they cannot be both operational and unchanging.,Not relevant,"20 But they cannot be both operational and unchanging.
",Not relevant,1
21,"•  Our meeting here in Warsaw can help build momentum towards Limaand Paris, especially if we are willing to leave ideology at the door andremain committed to the Durban mandate.",Statement of intent,"21 •  Our meeting here in Warsaw can help build momentum towards Limaand Paris, especially if we are willing to leave ideology at the door andremain committed to the Durban mandate.
",Statement of intent,1
22,"•  And as we work overtime in the UNFCCC, we must also expand thefield of international cooperation to include complementary initiativesthat can make tangible progress right now to address the key drivers ofgreenhouse gas emissions.",Statement of intent,"22 •  And as we work overtime in the UNFCCC, we must also expand thefield of international cooperation to include complementary initiativesthat can make tangible progress right now to address the key drivers ofgreenhouse gas emissions.
",Statement of intent,1
23,"Thats why we have been pushing hard,together with partners including the EU, Mexico, Canada and islandstates, for practical action through the Montreal Protocol to phase downhydrofluorocarbons.",Not relevant,"23 Thats why we have been pushing hard,together with partners including the EU, Mexico, Canada and islandstates, for practical action through the Montreal Protocol to phase downhydrofluorocarbons.
",Relevant,1
24,This alone has the potential to avoid some 90gigatons of emissions by 2050.,Not relevant,"24 This alone has the potential to avoid some 90gigatons of emissions by 2050.
",Not relevant,1
25,"•  Let us work together, mindful of our mutual responsibilities to eachother, our own citizens, and the global community.",Relevant,"25 •  Let us work together, mindful of our mutual responsibilities to eachother, our own citizens, and the global community.
",Relevant,1
26,"Mr. President, Excellencies, distinguished colleagues, ladies and gentleman,I wish to extend Micronesia’s sympathies to the people and the government of the Philippines for the loss of lives and property caused by Typhoon Hagupit.",Not relevant,"26 Mr. President, Excellencies, distinguished colleagues, ladies and gentleman,I wish to extend Micronesia’s sympathies to the people and the government of the Philippines for the loss of lives and property caused by Typhoon Hagupit.
",Not relevant,1
27,My delegation thanks the government and the people of Peru for their warm hospitality.,Not relevant,"27 My delegation thanks the government and the people of Peru for their warm hospitality.
",Not relevant,1
28,I associate my statement with the statement made by Nauru on behalf of the Alliance of Small Island States.,Not relevant,"28 I associate my statement with the statement made by Nauru on behalf of the Alliance of Small Island States.
",Not relevant,1
29,I commend all the Parties for their hard work and the forward progress made so far at COP20.,Not relevant,"29 I commend all the Parties for their hard work and the forward progress made so far at COP20.
",Not relevant,1
30,"However, at this COP, as at others before, I feel that the pace and progress of these negotiations fails to meet the exigency of the climate crisis and to keep us on track to meet agreed goals.",Not relevant,"30 However, at this COP, as at others before, I feel that the pace and progress of these negotiations fails to meet the exigency of the climate crisis and to keep us on track to meet agreed goals.
",Relevant,1
31,"They also fail to correspond what the science suggests is necessary, particularly as captured in the Fifth Assessment Report of the IPCC, which highlights that human activity is clearly impacting our climate, leading to sea-level rise and linked to extreme weather events, among other dangerous threats to lives and livelihoods in my country and worldwide.",Not relevant,"31 They also fail to correspond what the science suggests is necessary, particularly as captured in the Fifth Assessment Report of the IPCC, which highlights that human activity is clearly impacting our climate, leading to sea-level rise and linked to extreme weather events, among other dangerous threats to lives and livelihoods in my country and worldwide.
",Relevant,1
32,"These impacts and emerging threats consistently undermine our sustainable development efforts and threaten not only our people’s livelihoods, but also our territorial integrity and our sovereignty.",Not relevant,"32 These impacts and emerging threats consistently undermine our sustainable development efforts and threaten not only our people’s livelihoods, but also our territorial integrity and our sovereignty.
",Relevant,1
33,"Adaptation measures are already necessary, but they will not be sufficient.",Not relevant,"33 Adaptation measures are already necessary, but they will not be sufficient.
",Relevant,1
34,"In the end, small island States will not be able to stop global climate change through our domestic actions alone.",Not relevant,"34 In the end, small island States will not be able to stop global climate change through our domestic actions alone.
",Relevant,1
35,"The major polluters, especially those who are most responsible for climate change, have the moral obligation to do much more, to take the lead and to raise their ambition now.",Relevant,"35 The major polluters, especially those who are most responsible for climate change, have the moral obligation to do much more, to take the lead and to raise their ambition now.
",Relevant,1
36,"If major emitters do this, then we still have the potential to significantly narrow the pre-2020 ambition gap under Workstream 2 of the Durban Platform.",Not relevant,"36 If major emitters do this, then we still have the potential to significantly narrow the pre-2020 ambition gap under Workstream 2 of the Durban Platform.
",Relevant,1
37,"Mr. President,As we come to the end of the International Year of the SIDS, we hope to leave Lima on a high note.",Statement of intent,"37 Mr. President,As we come to the end of the International Year of the SIDS, we hope to leave Lima on a high note.
",Statement of intent,1
38,"Pledges to the Green Climate Fund have now passed the $10 billion threshold, which could mark a significant step forward, but these pledges must be fulfilled without delay and they must be accessible to SIDS.",Relevant,"38 Pledges to the Green Climate Fund have now passed the $10 billion threshold, which could mark a significant step forward, but these pledges must be fulfilled without delay and they must be accessible to SIDS.
",Relevant,1
39,Other potentially encouraging news is the progress toward a decision on the initial two-year work plan for the Warsaw Mechanism on Loss and Damage. ,Not relevant,"39 Other potentially encouraging news is the progress toward a decision on the initial two-year work plan for the Warsaw Mechanism on Loss and Damage. 
",Relevant,1
40,We call on our partners to deliver the large scale financing that it will take to support a credible mechanism.,Relevant,"40 We call on our partners to deliver the large scale financing that it will take to support a credible mechanism.
",Statement of intent,1
41,Loss and damage should also be included as an element in the new agreement.,Relevant,"41 Loss and damage should also be included as an element in the new agreement.
",Statement of intent,1
42,An ambitious and legally-binding climate change treaty in Paris is still possible.,Not relevant,"42 An ambitious and legally-binding climate change treaty in Paris is still possible.
",Statement of intent,1
43,We support an initial commitment period of five years under this agreement.,Not relevant,"43 We support an initial commitment period of five years under this agreement.
",Statement of intent,1
44,We also fully support inclusion of gender equality in the text of the new agreement.,Relevant,"44 We also fully support inclusion of gender equality in the text of the new agreement.
",Statement of intent,1
45,Full and equal participation of women in all climate actions and decision making processes should be a guiding principle for all.,Relevant,"45 Full and equal participation of women in all climate actions and decision making processes should be a guiding principle for all.
",Relevant,1
46,"Mr. President,Not only can we still attain an ambitious agreement, but we can also prevent some of the worst impacts of climate change in the near term, but only if we take fast and ambitious actions now, such as using the Montreal Protocol to reduce the powerful greenhouse gases HFCs.",Not relevant,"46 Mr. President,Not only can we still attain an ambitious agreement, but we can also prevent some of the worst impacts of climate change in the near term, but only if we take fast and ambitious actions now, such as using the Montreal Protocol to reduce the powerful greenhouse gases HFCs.
",Relevant,1
47,"Deep and immediate cuts in carbon dioxide emissions are paramount for long-term climate stabilization, but HFC emissions are hundreds to thousands more times powerful than CO2, and HFCs are the fastest growing greenhouse gases in many countries.",Not relevant,"47 Deep and immediate cuts in carbon dioxide emissions are paramount for long-term climate stabilization, but HFC emissions are hundreds to thousands more times powerful than CO2, and HFCs are the fastest growing greenhouse gases in many countries.
",Relevant,1
48,"For this reason, six years ago, Micronesia introduced a proposal to amend the Montreal Protocol to phase down the consumption and production of HFCs. We were guided by scientific and technical studies, and we were inspired by our prior experiences within the Montreal Protocol and our trust in its institutional and financial expertise.",Not relevant,"48 For this reason, six years ago, Micronesia introduced a proposal to amend the Montreal Protocol to phase down the consumption and production of HFCs. We were guided by scientific and technical studies, and we were inspired by our prior experiences within the Montreal Protocol and our trust in its institutional and financial expertise.
",Not relevant,1
49,"In the years since then, phasing down HFCs using the expertise and institutions of the Montreal Protocol has gained near-universal support.",Not relevant,"49 In the years since then, phasing down HFCs using the expertise and institutions of the Montreal Protocol has gained near-universal support.
",Not relevant,1
50,"Both the 2012 Rio+20 outcome document and the 2014 Samoa Pathway call for the phase down of the production and consumption of HFCs, and the Parties to the Montreal Protocol have decided to convene two HFC Management Workshops, the second of which will be held in Bangkok in April 2015.",Not relevant,"50 Both the 2012 Rio+20 outcome document and the 2014 Samoa Pathway call for the phase down of the production and consumption of HFCs, and the Parties to the Montreal Protocol have decided to convene two HFC Management Workshops, the second of which will be held in Bangkok in April 2015.
",Not relevant,1
51,"By agreeing to phase down HFCs under the Montreal Protocol next year, we could nearly eliminate one of the primary greenhouse gases and create critical momentum toward a successful outcome in Paris.",Not relevant,"51 By agreeing to phase down HFCs under the Montreal Protocol next year, we could nearly eliminate one of the primary greenhouse gases and create critical momentum toward a successful outcome in Paris.
",Relevant,1
52,We must all take every opportunity to cooperate in every forum throughout 2015 and not reserve our ambitious actions and announcements for COP21 itself.,Relevant,"52 We must all take every opportunity to cooperate in every forum throughout 2015 and not reserve our ambitious actions and announcements for COP21 itself.
",Relevant,1
53,COP21 starts now.,Not relevant,"53 COP21 starts now.
",Relevant,1
54,"Mr. President,As a final note, the UN Secretary-General shared with us the importance of the Paris agreement as one of the milestones in the post-2015 development process.",Not relevant,"54 Mr. President,As a final note, the UN Secretary-General shared with us the importance of the Paris agreement as one of the milestones in the post-2015 development process.
",Not relevant,1
55,We also note his plan for a high-level summit on climate change in June.,Not relevant,"55 We also note his plan for a high-level summit on climate change in June.
",Not relevant,1
56,"The sustainable development discussions are complementary and reinforcing, and can only help pave a smooth road to Paris.",Not relevant,"56 The sustainable development discussions are complementary and reinforcing, and can only help pave a smooth road to Paris.
",Not relevant,1
57,Thank you.,Not relevant,"57 Thank you.
",Not relevant,1
58,"Mr. President,Excellencies andDistinguished DelegatesAllow me to congratulate you Mr. President, on your assumption of the Presidency.",Not relevant,"58 Mr. President,Excellencies andDistinguished DelegatesAllow me to congratulate you Mr. President, on your assumption of the Presidency.
",Not relevant,1
59,"At the outset, I would like to express our deepest condolences on the recent tragic incidents in Paris and convey solidarity with the people and Government of France.",Not relevant,"59 At the outset, I would like to express our deepest condolences on the recent tragic incidents in Paris and convey solidarity with the people and Government of France.
",Not relevant,1
60,"Mr. President,I would like to draw your attention that climate change has been imposing additional stresses in the Least Developed Countries in general and the Small Mountainous Developing States in particular.",Not relevant,"60 Mr. President,I would like to draw your attention that climate change has been imposing additional stresses in the Least Developed Countries in general and the Small Mountainous Developing States in particular.
",Relevant,1
61,"The increased frequency and intensity of extreme weather events have been alarming both in the mountainous countries, and those countries in lower basins.",Not relevant,"61 The increased frequency and intensity of extreme weather events have been alarming both in the mountainous countries, and those countries in lower basins.
",Relevant,1
62,"Nepal has been witnessing in increasing temperature that has accelerated glacier melting in the Himalayas, including the Mount Everest Region.",Not relevant,"62 Nepal has been witnessing in increasing temperature that has accelerated glacier melting in the Himalayas, including the Mount Everest Region.
",Relevant,1
63,This has increased the risk of glacier lake out-burst floods threatening the lives and livelihoods of our people.,Not relevant,"63 This has increased the risk of glacier lake out-burst floods threatening the lives and livelihoods of our people.
",Relevant,1
64,"Climate change has been affecting our water availability, agricultural production, tourism and ecosystem services.",Not relevant,"64 Climate change has been affecting our water availability, agricultural production, tourism and ecosystem services.
",Relevant,1
65,"Due to the fragility of our mountain ecosystems, issues related to loss and damage is becoming more prominent.",Not relevant,"65 Due to the fragility of our mountain ecosystems, issues related to loss and damage is becoming more prominent.
",Relevant,1
66,"Therefore, I urge all parties to ensure that the global average temperature rise is maintained below 1.5 degree Celsius compared to the pre-industrial level.",Relevant,"66 Therefore, I urge all parties to ensure that the global average temperature rise is maintained below 1.5 degree Celsius compared to the pre-industrial level.
",Statement of intent,1
67,I also urge you all to recognize the contributions that mountains offer to humanity and consider increasing supports to the most vulnerable LDCs and small mountainous developing states like Nepal.,Relevant,"67 I also urge you all to recognize the contributions that mountains offer to humanity and consider increasing supports to the most vulnerable LDCs and small mountainous developing states like Nepal.
",Statement of intent,1
68,"Mr. President,Nepal has taken several policy and institutional measures to build our resilience and adaptive capacities.",Not relevant,"68 Mr. President,Nepal has taken several policy and institutional measures to build our resilience and adaptive capacities.
",Not relevant,1
69,"We are maintaining 40% of our land under forest cover with several Protected Areas, promoting renewable energy, introducing dedicated climate change budget code, declaring our capital as plastic bag free zone, promoting Bicycle ride and preparing a Low Carbon Economic Development Strategy.",Not relevant,"69 We are maintaining 40% of our land under forest cover with several Protected Areas, promoting renewable energy, introducing dedicated climate change budget code, declaring our capital as plastic bag free zone, promoting Bicycle ride and preparing a Low Carbon Economic Development Strategy.
",Not relevant,1
70,"However, our national efforts with limited resources and capacity alone is not sufficient to resolve the adverse impacts of climate change.",Not relevant,"70 However, our national efforts with limited resources and capacity alone is not sufficient to resolve the adverse impacts of climate change.
",Relevant,1
71,"Nepal contributes less than 0.1 percent of global green house gas emission, yet we suffer the most. ",Not relevant,"71 Nepal contributes less than 0.1 percent of global green house gas emission, yet we suffer the most. 
",Relevant,1
72,"Hence, I strongly call upon the countries with higher emissions to take leadership in reducing their emissions to secure a safer planet.",Relevant,"72 Hence, I strongly call upon the countries with higher emissions to take leadership in reducing their emissions to secure a safer planet.
",Relevant,1
73,"Mr. President,Last April, more than nine thousand people died of earthquake and around half a million families became homeless.",Not relevant,"73 Mr. President,Last April, more than nine thousand people died of earthquake and around half a million families became homeless.
",Not relevant,1
74,Additional challenges due to Climate Change have accelerated our economic and ecological vulnerability.,Not relevant,"74 Additional challenges due to Climate Change have accelerated our economic and ecological vulnerability.
",Relevant,1
75,"Therefore, I call upon alldeveloped countries to ensure new, additional and predictable financial support to secure the lives and livelihoods of the most vulnerable countries including small mountainous developing states.",Relevant,"75 Therefore, I call upon alldeveloped countries to ensure new, additional and predictable financial support to secure the lives and livelihoods of the most vulnerable countries including small mountainous developing states.
",Statement of intent,1
76,"Finally Mr. President,Let’s handover Mt. Everest to our grand-children at the same level of purity as Tenjing Norgay and Sir Edmund Hillary have seen in the history.",Not relevant,"76 Finally Mr. President,Let’s handover Mt. Everest to our grand-children at the same level of purity as Tenjing Norgay and Sir Edmund Hillary have seen in the history.
",Statement of intent,1
77,"As Lord Buddha said, we are here not to blame each other for past faults but to find middle path for peace and prosperity,I urge that we all unite for a fair, ambitious and legally- binding Agreement here in Paris to secure a climate resilient and sustainable future.",Relevant,"77 As Lord Buddha said, we are here not to blame each other for past faults but to find middle path for peace and prosperity,I urge that we all unite for a fair, ambitious and legally- binding Agreement here in Paris to secure a climate resilient and sustainable future.
",Relevant,1
78,Thank you very much.,Not relevant,"78 Thank you very much.
",Not relevant,1
79,"Excellencies , Distinguished Delegates, Ladies and Gentlemen,   It is a great pleasure to join you here in the beautiful city of Marrakesh.",Not relevant,"79 Excellencies , Distinguished Delegates, Ladies and Gentlemen,   It is a great pleasure to join you here in the beautiful city of Marrakesh.
",Not relevant,1
80,Your hospitality has been unparalleled .,Not relevant,"80 Your hospitality has been unparalleled .
",Not relevant,1
81,We are most grateful for all of the courtesies that have been extended to our delegation .,Not relevant,"81 We are most grateful for all of the courtesies that have been extended to our delegation .
",Not relevant,1
82,"Mr. President,  Each ye ar, Belizeans are reminded that climate change represents an existential threat for our people.",Not relevant,"82 Mr. President,  Each ye ar, Belizeans are reminded that climate change represents an existential threat for our people.
",Relevant,1
83,"In August 2016, Hurricane Earl made landfall in Belize causing damages in exces s of 5% of GDP.",Not relevant,"83 In August 2016, Hurricane Earl made landfall in Belize causing damages in exces s of 5% of GDP.
",Not relevant,1
84,"This, Mr. President, is the 14th extreme weather -related even t to affect Belize in the last 15 years, with some events causing losses equivalent of 25 -45% of GDP.",Not relevant,"84 This, Mr. President, is the 14th extreme weather -related even t to affect Belize in the last 15 years, with some events causing losses equivalent of 25 -45% of GDP.
",Not relevant,1
85,"For us climate change represents the greatest economic, social and environme ntal threat to our country .",Not relevant,"85 For us climate change represents the greatest economic, social and environme ntal threat to our country .
",Relevant,1
86,"The adverse effects of climate change have direct implications on the future state of the country , the achievement of our sustainable development goals , and thus the ability of Belizean s to improve the quality of their lives .",Not relevant,"86 The adverse effects of climate change have direct implications on the future state of the country , the achievement of our sustainable development goals , and thus the ability of Belizean s to improve the quality of their lives .
",Relevant,1
87,"As we move forward , we must employ an inclusive , long-term and collaborative process to build the resilience of our economic, social and environmental systems .",Relevant,"87 As we move forward , we must employ an inclusive , long-term and collaborative process to build the resilience of our economic, social and environmental systems .
",Statement of intent,1
88,"This, however, requires predictable , adequate and fast-tracked financing , at scale , to allow us to meaningfully and effectively face these escalating threats .",Relevant,"88 This, however, requires predictable , adequate and fast-tracked financing , at scale , to allow us to meaningfully and effectively face these escalating threats .
",Statement of intent,1
89,"  Mr. President Despite these constant and escalating shocks to our development, Belize continues to pursue practical and ambitious actions under the Convention .",Statement of intent,"89   Mr. President Despite these constant and escalating shocks to our development, Belize continues to pursue practical and ambitious actions under the Convention .
",Relevant,1
90,"Our Growth and Sustainable Devel opment Strategy (GSDS) bring s cohesiveness and synergies across our economic, social , environmental , and institutional policies .",Not relevant,"90 Our Growth and Sustainable Devel opment Strategy (GSDS) bring s cohesiveness and synergies across our economic, social , environmental , and institutional policies .
",Not relevant,1
91,"The GSDS aims to achieve sustainable development through poverty eradication , better stewardship of our natural resources, and improved resilience in the face of a volatile global economy and a changing global climate.",Not relevant,"91 The GSDS aims to achieve sustainable development through poverty eradication , better stewardship of our natural resources, and improved resilience in the face of a volatile global economy and a changing global climate.
",Relevant,1
92,"In 2015, Belize adopted its first comprehensive National Climate Change Policy, Strategy and Action Plan that identifies priority actions for each economic sector .",Not relevant,"92 In 2015, Belize adopted its first comprehensive National Climate Change Policy, Strategy and Action Plan that identifies priority actions for each economic sector .
",Not relevant,1
93,"It seeks to build governance capacity , improve resilience, and enhance adaptation capabilities to cope with climate change impacts .",Not relevant,"93 It seeks to build governance capacity , improve resilience, and enhance adaptation capabilities to cope with climate change impacts .
",Statement of intent,1
94," Mr. President Belize , notwithstanding our negligible emissions factor , is committed to the more ambitious target under the Paris Agreement to limit the increase in global temperature to 1.5 degrees Celsius above pre-industrial levels.",Statement of intent,"94  Mr. President Belize , notwithstanding our negligible emissions factor , is committed to the more ambitious target under the Paris Agreement to limit the increase in global temperature to 1.5 degrees Celsius above pre-industrial levels.
",Relevant,1
95,This requires global commitment and action.,Relevant,"95 This requires global commitment and action.
",Statement of intent,1
96,"All countries, including the Republic of China on Taiwan, must be allowed to contribute their experience and technologies to meet this ambition.",Relevant,"96 All countries, including the Republic of China on Taiwan, must be allowed to contribute their experience and technologies to meet this ambition.
",Relevant,1
97,"Consequently , Belize has set bold, national targets through its National ly Determined Contributions that will allow us to transition strategically to a low carbon development pathway, while strengthening our resilience.",Not relevant,"97 Consequently , Belize has set bold, national targets through its National ly Determined Contributions that will allow us to transition strategically to a low carbon development pathway, while strengthening our resilience.
",Relevant,1
98," By 2033, for example, Belize is committed to expand its share of renewable energy in the electricity sector from 60% to 89%.",Statement of intent,"98  By 2033, for example, Belize is committed to expand its share of renewable energy in the electricity sector from 60% to 89%.
",Statement of intent,1
99,We are also committed to reducing conventional transportation fuel by at least 20% through appropriate policies and investments .,Statement of intent,"99 We are also committed to reducing conventional transportation fuel by at least 20% through appropriate policies and investments .
",Statement of intent,1
100,"Belize also aims to achieve significant emission reductions through sustainable forest management , which will reduce deforestation and land degradation , protect watersheds and increase the resilience of forest communities to climate change.",Statement of intent,"100 Belize also aims to achieve significant emission reductions through sustainable forest management , which will reduce deforestation and land degradation , protect watersheds and increase the resilience of forest communities to climate change.
",Relevant,1
101,We will soon approach the Green Climate Fund for funding to conduct our National Adaptation Planning (NAP) process.,Statement of intent,"101 We will soon approach the Green Climate Fund for funding to conduct our National Adaptation Planning (NAP) process.
",Statement of intent,1
102,Our National Communication Strategy for Climate Change will foster greater public awareness and the engagement of all stakeholders .,Statement of intent,"102 Our National Communication Strategy for Climate Change will foster greater public awareness and the engagement of all stakeholders .
",Statement of intent,1
103,"Mr. President, Predictable finance, balanced between mitigation and adaptation, capacity building and transfer of technology are crucial for the full and effective implementation of the Paris Agreement.",Relevant,"103 Mr. President, Predictable finance, balanced between mitigation and adaptation, capacity building and transfer of technology are crucial for the full and effective implementation of the Paris Agreement.
",Relevant,1
104,We thank the developed countries for the early release of the road map to achieve USD 100 billion per annum by 2020 .,Not relevant,"104 We thank the developed countries for the early release of the road map to achieve USD 100 billion per annum by 2020 .
",Not relevant,1
105,"Note, however, that this pledge is but a drop in the bucket of the estimated trillions needed to meet the 1.5 degree temperature goal .",Statement of intent,"105 Note, however, that this pledge is but a drop in the bucket of the estimated trillions needed to meet the 1.5 degree temperature goal .
",Relevant,1
106,"We seek your continued engagement to further enhance the roadmap and scale up of finances so as to increase predictability, foster confidence , and ensure that the adaptation needs of SIDs are adequately addressed. ",Relevant,"106 We seek your continued engagement to further enhance the roadmap and scale up of finances so as to increase predictability, foster confidence , and ensure that the adaptation needs of SIDs are adequately addressed. 
",Relevant,1
107,"Furthermore, where adaptation is not an option, countries must have support for irreparable loss and damage .",Relevant,"107 Furthermore, where adaptation is not an option, countries must have support for irreparable loss and damage .
",Relevant,1
108,"Mr. President The Paris Agreement , and its entry into force , generates renewed trust and confidence in the multilateral negotiating process for addressing climate change.",Not relevant,"108 Mr. President The Paris Agreement , and its entry into force , generates renewed trust and confidence in the multilateral negotiating process for addressing climate change.
",Relevant,1
109,"There are three key actions that we can and must take in Marrakech: we must operat ionalize the Paris Committee on Capacity building;  we must operationalize the Capacity Building Initiative for Transparency; and we must provide guidance to the GCF to finalize the simplified approval procedures without delay so as to enhance access for th e most vulnerable with prioritization to public and grant based support, especially for adaptation.",Relevant,"109 There are three key actions that we can and must take in Marrakech: we must operat ionalize the Paris Committee on Capacity building;  we must operationalize the Capacity Building Initiative for Transparency; and we must provide guidance to the GCF to finalize the simplified approval procedures without delay so as to enhance access for th e most vulnerable with prioritization to public and grant based support, especially for adaptation.
",Relevant,1
110," These outcomes, if achieved, Mr. President, will make COP22 an Action COP.",Not relevant,"110  These outcomes, if achieved, Mr. President, will make COP22 an Action COP.
",Statement of intent,1
111, COP 22 in Marrakech must deliver .,Statement of intent,"111  COP 22 in Marrakech must deliver .
",Statement of intent,1
112,We must set the pace for implementing the Paris Agreement.,Statement of intent,"112 We must set the pace for implementing the Paris Agreement.
",Statement of intent,1
113,"We must establish the accounting guidelines, develop a compliance mechanism, begin to build a robust transparency framework , and global stock -take process with a view to completing our work as early as 2017.",Statement of intent,"113 We must establish the accounting guidelines, develop a compliance mechanism, begin to build a robust transparency framework , and global stock -take process with a view to completing our work as early as 2017.
",Statement of intent,1
114," Mr. President, to echo your ca ll for climate action, let us leave Marrakech with the confidence that we have shifted from 'promise and commitment to one of action and achievements .' I thank you, Mr. President.",Statement of intent,"114  Mr. President, to echo your ca ll for climate action, let us leave Marrakech with the confidence that we have shifted from 'promise and commitment to one of action and achievements .' I thank you, Mr. President.
",Relevant,1
115,"'The Paris Agreement is about action by all, the great and the small'  Thank you, Mr. President.",Relevant,"115 'The Paris Agreement is about action by all, the great and the small'  Thank you, Mr. President.
",Not relevant,1
116, Ireland supports the statements made on behalf of the EU and its Member States.,Not relevant,"116  Ireland supports the statements made on behalf of the EU and its Member States.
",Not relevant,1
117," I would firstly like to thank and congratulate our Fijian COP Presidenc y for their warm welcome and their excellent management of this COP, and for their preparations over the course of 2017.",Not relevant,"117  I would firstly like to thank and congratulate our Fijian COP Presidenc y for their warm welcome and their excellent management of this COP, and for their preparations over the course of 2017.
",Not relevant,1
118,  We arrived here with a challenging programme of work and I think we can be very proud of where we have taken it.,Not relevant,"118   We arrived here with a challenging programme of work and I think we can be very proud of where we have taken it.
",Not relevant,1
119,I would also like t o thank our German hosts of this COP.,Not relevant,"119 I would also like t o thank our German hosts of this COP.
",Not relevant,1
120," As the events of this last year have shown, changes in our climate are continuing to have an impact globally.",Not relevant,"120  As the events of this last year have shown, changes in our climate are continuing to have an impact globally.
",Not relevant,1
121,"  For those of us whose countries border the Atlantic, we have not been immune to the impacts of one of the worst hurricane seasons on record.",Not relevant,"121   For those of us whose countries border the Atlantic, we have not been immune to the impacts of one of the worst hurricane seasons on record.
",Not relevant,1
122,Hurricane Ophelia made its unprecedented landfall in Ireland in October.,Not relevant,"122 Hurricane Ophelia made its unprecedented landfall in Ireland in October.
",Not relevant,1
123,"  As we all know the word ""global"" in the term ""global warming"" accurately summarises the incont rovertible science underlying the threat facing our planet.",Not relevant,"123   As we all know the word ""global"" in the term ""global warming"" accurately summarises the incont rovertible science underlying the threat facing our planet.
",Relevant,1
124,"It also underlines the vastness and potentially daunting, if even discouraging, challenge we face.",Not relevant,"124 It also underlines the vastness and potentially daunting, if even discouraging, challenge we face.
",Relevant,1
125, How can any one of us make a meaningful contribution?,Not relevant,"125  How can any one of us make a meaningful contribution?
",Not relevant,1
126,"  The task of political leadership by all of us is to bridge the gulf between the global challenge and national responsibility, between each countries' obligation and the responsibility of every citizen, young and old, alike.",Relevant,"126   The task of political leadership by all of us is to bridge the gulf between the global challenge and national responsibility, between each countries' obligation and the responsibility of every citizen, young and old, alike.
",Relevant,1
127,  It may be a tired truism that we cannot change the world.,Not relevant,"127   It may be a tired truism that we cannot change the world.
",Not relevant,1
128,"However, when it comes to climate change, it is a pressing fact that the world cannot change without us.",Not relevant,"128 However, when it comes to climate change, it is a pressing fact that the world cannot change without us.
",Relevant,1
129," So how can any one country, especially a small country, like Ireland, make a difference?",Not relevant,"129  So how can any one country, especially a small country, like Ireland, make a difference?
",Not relevant,1
130,"  Small countries don't have the capacity or resources to do everyth ing, but we can do some things, very well, and show by our example, how others can follow.",Not relevant,"130   Small countries don't have the capacity or resources to do everyth ing, but we can do some things, very well, and show by our example, how others can follow.
",Relevant,1
131," I firmly believe that COP23 is not just about the technical rule book, but as political leaders in our home countries, we must provide practical, implementable sol utions to the real challenges of both mitigation and adaptation, while living up to the responsibility of Sustainable Development Goals.",Relevant,"131  I firmly believe that COP23 is not just about the technical rule book, but as political leaders in our home countries, we must provide practical, implementable sol utions to the real challenges of both mitigation and adaptation, while living up to the responsibility of Sustainable Development Goals.
",Relevant,1
132," For example, we must not only look at where food comes from but also how it is produced in terms of emissions, includ ing food waste.",Not relevant,"132  For example, we must not only look at where food comes from but also how it is produced in terms of emissions, includ ing food waste.
",Relevant,1
133," While Ireland is a global leader when it comes to emissions per litre of milk produced, we can and will do better.",Statement of intent,"133  While Ireland is a global leader when it comes to emissions per litre of milk produced, we can and will do better.
",Statement of intent,1
134,"We are now working to catch up on the beef production emissions, through an innovative programme of (genotyping) analysing the genetic make -up of 1 million beef producing animals.",Statement of intent,"134 We are now working to catch up on the beef production emissions, through an innovative programme of (genotyping) analysing the genetic make -up of 1 million beef producing animals.
",Not relevant,1
135,"On this scale, this is a global first and we want to share our knowledge with the global community, so that we can all benefit.",Statement of intent,"135 On this scale, this is a global first and we want to share our knowledge with the global community, so that we can all benefit.
",Statement of intent,1
136," In tandem with food production, we are also looking at waste.",Statement of intent,"136  In tandem with food production, we are also looking at waste.
",Not relevant,1
137,"Right f rom the farm, where we are identifying input savings through our Smart Farming programme and bringing them through to food processing and retailers.",Statement of intent,"137 Right f rom the farm, where we are identifying input savings through our Smart Farming programme and bringing them through to food processing and retailers.
",Not relevant,1
138,We are extending food waste bins to every home in Ireland.,Statement of intent,"138 We are extending food waste bins to every home in Ireland.
",Statement of intent,1
139,"Noting that 27% of our population live in villag es of less than 50 people, this will be a significant challenge.",Statement of intent,"139 Noting that 27% of our population live in villag es of less than 50 people, this will be a significant challenge.
",Not relevant,1
140,"  To tackle the challenge of transport in such a disperse country, we are working with the telecoms operators, so that by the end of 2018, one third of our population outside our cities will have fibre optic broadband outside their doors.",Statement of intent,"140   To tackle the challenge of transport in such a disperse country, we are working with the telecoms operators, so that by the end of 2018, one third of our population outside our cities will have fibre optic broadband outside their doors.
",Not relevant,1
141,"  We are determined to continue the momentum of this roll out until every home in Ireland has access to high speed broadband, therefore reducing the need to drive in the first instance.",Statement of intent,"141   We are determined to continue the momentum of this roll out until every home in Ireland has access to high speed broadband, therefore reducing the need to drive in the first instance.
",Statement of intent,1
142, Ireland is also a global leader when it comes to the management of volatile wind generated electricity on a small isolated grid.,Not relevant,"142  Ireland is also a global leader when it comes to the management of volatile wind generated electricity on a small isolated grid.
",Not relevant,1
143,Building on this knowledge we have developed world class research and test facilities for the exploitation of ocean energy.,Not relevant,"143 Building on this knowledge we have developed world class research and test facilities for the exploitation of ocean energy.
",Not relevant,1
144,"This year we tested 2 2 different ocean energy prototypes, some with very promising results.",Not relevant,"144 This year we tested 2 2 different ocean energy prototypes, some with very promising results.
",Not relevant,1
145," At a domestic level, this year I published Ireland's first statutory National Mitigation Plan.",Not relevant,"145  At a domestic level, this year I published Ireland's first statutory National Mitigation Plan.
",Not relevant,1
146,This puts Ireland on a clear pathway to achieve our own long -term decarbonisation targets.,Not relevant,"146 This puts Ireland on a clear pathway to achieve our own long -term decarbonisation targets.
",Statement of intent,1
147,"I have also launched Ireland's National Dialogue on Climate Action, which will ensure an inclusive process of engagement and consensus to support our transition to a low carbon and climate resilient fut ure.",Statement of intent,"147 I have also launched Ireland's National Dialogue on Climate Action, which will ensure an inclusive process of engagement and consensus to support our transition to a low carbon and climate resilient fut ure.
",Statement of intent,1
148, I will shortly submit Ireland's first statutory National Adaptation Framework to Government for approval which will reduce our vulnerability to the negative effects of climate change.,Statement of intent,"148  I will shortly submit Ireland's first statutory National Adaptation Framework to Government for approval which will reduce our vulnerability to the negative effects of climate change.
",Statement of intent,1
149, Small countries cannot do everything.,Not relevant,"149  Small countries cannot do everything.
",Not relevant,1
150,"We have unique challenge s, but it also allows us to come up with unique solutions.",Not relevant,"150 We have unique challenge s, but it also allows us to come up with unique solutions.
",Not relevant,1
151,"The Paris Agreement is about action by all, the great and the small.",Relevant,"151 The Paris Agreement is about action by all, the great and the small.
",Relevant,1
152," We need to work together to enable ambitious action, and I was proud to arrive here with agreement from my Government for Irel and to join the NDC Partnership.",Relevant,"152  We need to work together to enable ambitious action, and I was proud to arrive here with agreement from my Government for Irel and to join the NDC Partnership.
",Relevant,1
153,"  Through the NDC Partnership, Ireland will be able to offer its key expertise and insights from our existing work with developing countries.",Statement of intent,"153   Through the NDC Partnership, Ireland will be able to offer its key expertise and insights from our existing work with developing countries.
",Relevant,1
154,This will focus on adaptation support for our developing country partners and on sharing our experiences with the world.,Statement of intent,"154 This will focus on adaptation support for our developing country partners and on sharing our experiences with the world.
",Relevant,1
155,We must share our experiences along with ensuring developing countries are resourced to take the necessary actions.,Relevant,"155 We must share our experiences along with ensuring developing countries are resourced to take the necessary actions.
",Relevant,1
156," To underpin this new commitment to the NDC Partnership, the Government of Ireland will provide ad ditional financial support totaling €2.3 million this year to the Green Climate Fund and the Adaptation Fund - Ireland's first contribution to this Fund.",Statement of intent,"156  To underpin this new commitment to the NDC Partnership, the Government of Ireland will provide ad ditional financial support totaling €2.3 million this year to the Green Climate Fund and the Adaptation Fund - Ireland's first contribution to this Fund.
",Not relevant,1
157, I recognise the importance of strong scientific foundations for our climate policies and the key role of the Intergovernmental Panel on Climate Change.,Statement of intent,"157  I recognise the importance of strong scientific foundations for our climate policies and the key role of the Intergovernmental Panel on Climate Change.
",Not relevant,1
158,  I have also decided to commit funding to the IPCC this year to help ensure that it is effectively equipped to complete the challenging work ahead of it.,Statement of intent,"158   I have also decided to commit funding to the IPCC this year to help ensure that it is effectively equipped to complete the challenging work ahead of it.
",Statement of intent,1
159," Here at COP 23, I have found that my own ""tala noas"" with my global counterparts have shown much common ground in the challenges that we face tackling climate change.",Not relevant,"159  Here at COP 23, I have found that my own ""tala noas"" with my global counterparts have shown much common ground in the challenges that we face tackling climate change.
",Not relevant,1
160,Ireland and the EU are committed to working together under the Paris Agreement to address these many challenges.,Statement of intent,"160 Ireland and the EU are committed to working together under the Paris Agreement to address these many challenges.
",Statement of intent,1
161, We have made real pro gress on developing the rulebook that will be essential for fighting climate change.,Not relevant,"161  We have made real pro gress on developing the rulebook that will be essential for fighting climate change.
",Not relevant,1
162," The Fijian Presidency has given us the design of a Facilitative Dialogue, or a Talanoa Dialogue, which will provide a space for both Parties and non -Party stakeholders t o showcase progress for sharing best practices.",Statement of intent,"162  The Fijian Presidency has given us the design of a Facilitative Dialogue, or a Talanoa Dialogue, which will provide a space for both Parties and non -Party stakeholders t o showcase progress for sharing best practices.
",Not relevant,1
163, Ireland has contributed to some major breakthroughs in the development of guidance for the agriculture sector and the adoption of a Gender Action Plan.,Not relevant,"163  Ireland has contributed to some major breakthroughs in the development of guidance for the agriculture sector and the adoption of a Gender Action Plan.
",Not relevant,1
164,We have made good progress on transparency and on fina nce.,Not relevant,"164 We have made good progress on transparency and on fina nce.
",Not relevant,1
165,"  I am confident that we will meet again in Katowice, Poland, in a year to complete the design of the rulebook which will drive the action we need if we are to overcome the challenges of climate change.",Statement of intent,"165   I am confident that we will meet again in Katowice, Poland, in a year to complete the design of the rulebook which will drive the action we need if we are to overcome the challenges of climate change.
",Statement of intent,1
166, Thank you.,Not relevant,"166  Thank you.
",Not relevant,1
167,I would like to express my appreciation to the Government of Poland for hosting and presiding over the 24th Conference of the Parties.,Not relevant,"167 I would like to express my appreciation to the Government of Poland for hosting and presiding over the 24th Conference of the Parties.
",Not relevant,1
168,  I also thank the people of Poland for the warm hospitality you have afforded to all delegates.,Not relevant,"168   I also thank the people of Poland for the warm hospitality you have afforded to all delegates.
",Not relevant,1
169,"  Climate change is already severely impacting our communities, economies and natural environment.",Not relevant,"169   Climate change is already severely impacting our communities, economies and natural environment.
",Relevant,1
170,The effects of the changing climate can now be seen in our day-to-day lives.,Not relevant,"170 The effects of the changing climate can now be seen in our day-to-day lives.
",Relevant,1
171, This is undermining our hardfought gains and ongoing efforts to achieve sustainable development.,Not relevant,"171  This is undermining our hardfought gains and ongoing efforts to achieve sustainable development.
",Relevant,1
172,   Addressing the warming of our planet requires a global effort and a commitment to change not seen in human history.,Relevant,"172    Addressing the warming of our planet requires a global effort and a commitment to change not seen in human history.
",Relevant,1
173,The adoption of Paris Agreement three years ago and its early entry into force showed us what is possible when people come together in common purpose.,Not relevant,"173 The adoption of Paris Agreement three years ago and its early entry into force showed us what is possible when people come together in common purpose.
",Relevant,1
174," Today, we need to translate this spirit of cooperation into concrete action.",Statement of intent,"174  Today, we need to translate this spirit of cooperation into concrete action.
",Statement of intent,1
175,"   We are gathered in Katowice to discuss and agree on the Paris Agreement Work Programme, or rulebook, which will guide the implementation of the historic Agreement.",Not relevant,"175    We are gathered in Katowice to discuss and agree on the Paris Agreement Work Programme, or rulebook, which will guide the implementation of the historic Agreement.
",Not relevant,1
176,   I take this opportunity to thank our negotiators for the hard work done during the negotiation sessions.,Not relevant,"176    I take this opportunity to thank our negotiators for the hard work done during the negotiation sessions.
",Not relevant,1
177,"As a vulnerable country, Rwanda also commends and welcomes the Intergovernmental Panel on Climate Change Special Report on 1.5 degrees Celsius.",Not relevant,"177 As a vulnerable country, Rwanda also commends and welcomes the Intergovernmental Panel on Climate Change Special Report on 1.5 degrees Celsius.
",Relevant,1
178,The report should be a wakeup call to all Parties to raise their ambition.,Statement of intent,"178 The report should be a wakeup call to all Parties to raise their ambition.
",Relevant,1
179,We must respond quickly to the best science available because denial will not help us to address climate change.,Relevant,"179 We must respond quickly to the best science available because denial will not help us to address climate change.
",Relevant,1
180,"   We are still optimistic, however, and expect that this COP24 will result in the guidelines for implementing the Paris Agreement.",Statement of intent,"180    We are still optimistic, however, and expect that this COP24 will result in the guidelines for implementing the Paris Agreement.
",Statement of intent,1
181,We should expect nothing less of ourselves.,Statement of intent,"181 We should expect nothing less of ourselves.
",Relevant,1
182,There is simply no time to lose.,Not relevant,"182 There is simply no time to lose.
",Relevant,1
183,"   1 The Paris Agreement Work Programme should be robust, balanced and comprehensive but also flexible enough to allow every country to continuously raise its ambition and report on its implementation efforts.",Relevant,"183    1 The Paris Agreement Work Programme should be robust, balanced and comprehensive but also flexible enough to allow every country to continuously raise its ambition and report on its implementation efforts.
",Statement of intent,1
184,"   Specifically, the programme should address the key challenges of adaptation, finance as well as loss and damage.",Not relevant,"184    Specifically, the programme should address the key challenges of adaptation, finance as well as loss and damage.
",Statement of intent,1
185,"  Doing so will put all nations in a better position to achieve the goals of the Agreement and signal once again that clean, green and equitable development is the only way forward.",Statement of intent,"185   Doing so will put all nations in a better position to achieve the goals of the Agreement and signal once again that clean, green and equitable development is the only way forward.
",Relevant,1
186,  We have been pleased to see the important contributions made by Parties through the Talanoa Dialogue process and it is our hope that its outcomes be captured in the form of a decision.,Not relevant,"186   We have been pleased to see the important contributions made by Parties through the Talanoa Dialogue process and it is our hope that its outcomes be captured in the form of a decision.
",Not relevant,1
187,This will help to trigger greater ambition amongst all nations.,Not relevant,"187 This will help to trigger greater ambition amongst all nations.
",Relevant,1
188,   Rwanda is committed to playing our part to realise the aspirations of the Paris Agreement and we are strongly committed to the target of limiting average global warming to 1.5 degrees Celsius.,Statement of intent,"188    Rwanda is committed to playing our part to realise the aspirations of the Paris Agreement and we are strongly committed to the target of limiting average global warming to 1.5 degrees Celsius.
",Relevant,1
189,"With the impacts of climate change already affecting us today, we simply have no other choice.",Not relevant,"189 With the impacts of climate change already affecting us today, we simply have no other choice.
",Relevant,1
190,  Achieving this requires a rethink of how we finance climate action.,Not relevant,"190   Achieving this requires a rethink of how we finance climate action.
",Statement of intent,1
191,Parties must strengthen their commitment by going above and beyond the 100 billion dollars pledged per year.,Relevant,"191 Parties must strengthen their commitment by going above and beyond the 100 billion dollars pledged per year.
",Relevant,1
192,This revised and increased level of climate finance by 2025 should be guided by a comprehensive needs assessment.,Relevant,"192 This revised and increased level of climate finance by 2025 should be guided by a comprehensive needs assessment.
",Statement of intent,1
193,We must also work with the private sector to mobilise the trillions of dollars needed to halt global warming and ensure all investments are climate friendly.,Not relevant,"193 We must also work with the private sector to mobilise the trillions of dollars needed to halt global warming and ensure all investments are climate friendly.
",Relevant,1
194,"Quite simply, we need everyone on board to solve the climate challenge.",Not relevant,"194 Quite simply, we need everyone on board to solve the climate challenge.
",Relevant,1
195,"   To conclude, I would like to thank Parties for their support of the Kigali Amendment to the Montreal Protocol.",Not relevant,"195    To conclude, I would like to thank Parties for their support of the Kigali Amendment to the Montreal Protocol.
",Not relevant,1
196,   With the potential to avert half a degree Celsius of warming by the end of the century - and double that if we invest in energy efficiency - the amendment is one practical way to mitigate further emissions.,Not relevant,"196    With the potential to avert half a degree Celsius of warming by the end of the century - and double that if we invest in energy efficiency - the amendment is one practical way to mitigate further emissions.
",Not relevant,1
197,   I encourage nations that have not yet done so to ratify the Amendment and begin the work of phasing out hydrofluorocarbons.,Statement of intent,"197    I encourage nations that have not yet done so to ratify the Amendment and begin the work of phasing out hydrofluorocarbons.
",Statement of intent,1
198,"  Such demonstrations of tangible action will spur other nations to invest in the important work of climate change mitigation and adaptation, and give hope to citizens that we are addressing the challenge with the seriousness and speed it deserves.",Not relevant,"198   Such demonstrations of tangible action will spur other nations to invest in the important work of climate change mitigation and adaptation, and give hope to citizens that we are addressing the challenge with the seriousness and speed it deserves.
",Relevant,1
199,   Thank you for your kind attention.,Not relevant,"199    Thank you for your kind attention.
",Not relevant,1
200,I represent a country that is more affected by climate change than most places on the Earth .,Not relevant,"200 I represent a country that is more affected by climate change than most places on the Earth .
",Not relevant,1
201,"Depending on the climate scenario, the temperature in Serbia, by the end of the century, could be 3 to 5 degrees Celsius higher, compared to the mid -20th century .",Not relevant,"201 Depending on the climate scenario, the temperature in Serbia, by the end of the century, could be 3 to 5 degrees Celsius higher, compared to the mid -20th century .
",Not relevant,1
202,"In the future, we can expect further temperature and precipitation record breaks , which will have a devastating impact on the people and economy of Serbia.",Not relevant,"202 In the future, we can expect further temperature and precipitation record breaks , which will have a devastating impact on the people and economy of Serbia.
",Relevant,1
203,"Since 2000 e xtreme heat waves, droughts and floods have cost us more than 5 billion Euros .",Not relevant,"203 Since 2000 e xtreme heat waves, droughts and floods have cost us more than 5 billion Euros .
",Not relevant,1
204," Limiting the increase of mean global temperature by the end of the century by 2°C would lead to a loss of Serbia's GDP of 4.53% by mid -century, which can be significantly reduced by investing in the adaptation to climate change.",Not relevant,"204  Limiting the increase of mean global temperature by the end of the century by 2°C would lead to a loss of Serbia's GDP of 4.53% by mid -century, which can be significantly reduced by investing in the adaptation to climate change.
",Relevant,1
205,"However , the process of low carbon transformation into a climate -adapted society can additionally endanger the already vulnerable groups of the population through the loss of jobs .",Not relevant,"205 However , the process of low carbon transformation into a climate -adapted society can additionally endanger the already vulnerable groups of the population through the loss of jobs .
",Relevant,1
206,"Nonetheless , the most expensive scenario for Serbia is to ignore the climate related costs in its strategic decisions.",Not relevant,"206 Nonetheless , the most expensive scenario for Serbia is to ignore the climate related costs in its strategic decisions.
",Relevant,1
207,System costs of “non -action” are several tens of billion euros higher than the additional system costs of action under any mitigation scenario.,Not relevant,"207 System costs of “non -action” are several tens of billion euros higher than the additional system costs of action under any mitigation scenario.
",Relevant,1
208,Climate change poses a significant risk for further development of Serbia as was expressed in our NDCs .,Not relevant,"208 Climate change poses a significant risk for further development of Serbia as was expressed in our NDCs .
",Relevant,1
209,"This risk largely depends on the increase in the mean global temperature, which cannot be significantly influenced by Serbia individually.",Not relevant,"209 This risk largely depends on the increase in the mean global temperature, which cannot be significantly influenced by Serbia individually.
",Relevant,1
210,"I am proud to announce that we are about to adopt the Law on Climate Change as well as our Low carbon development strategy with the A ction plan, which were developed with the technical and financial assistance of the EU.",Statement of intent,"210 I am proud to announce that we are about to adopt the Law on Climate Change as well as our Low carbon development strategy with the A ction plan, which were developed with the technical and financial assistance of the EU.
",Not relevant,1
211,The a im is to set up a system for mitigation and adaptation in line with the Paris Agreement and our obligations as a candidate country to the EU.,Statement of intent,"211 The a im is to set up a system for mitigation and adaptation in line with the Paris Agreement and our obligations as a candidate country to the EU.
",Statement of intent,1
212,"Our future Low carbon development strategy up to 2050 sets a vision for a long -term climate neutral and climate resilient society, to be achiev ed on a socially fair and cost -effective way, with positive effects on environment and sustainable de velopment.",Not relevant,"212 Our future Low carbon development strategy up to 2050 sets a vision for a long -term climate neutral and climate resilient society, to be achiev ed on a socially fair and cost -effective way, with positive effects on environment and sustainable de velopment.
",Statement of intent,1
213,"The Action plan up to 2030, defines the policies and measures for cost effective and socially fair pathways to our climate vision as well as pro motion of transition to net zero, climate neutral and climate resilient economy and society.",Not relevant,"213 The Action plan up to 2030, defines the policies and measures for cost effective and socially fair pathways to our climate vision as well as pro motion of transition to net zero, climate neutral and climate resilient economy and society.
",Statement of intent,1
214,"We submitted our NDCs among the first ten countries in the world, and the first in the region for which we are particularly proud .",Not relevant,"214 We submitted our NDCs among the first ten countries in the world, and the first in the region for which we are particularly proud .
",Not relevant,1
215,"I am even more proud to announce that the revised NDCs will be more ambitious, with our target set to increase more than three t imes .",Statement of intent,"215 I am even more proud to announce that the revised NDCs will be more ambitious, with our target set to increase more than three t imes .
",Statement of intent,1
216,"Finally, let me reiterate that the Republic of Serbia is ready to cooperat e.",Statement of intent,"216 Finally, let me reiterate that the Republic of Serbia is ready to cooperat e.
",Not relevant,1
217,We are looking forward to the completion of the Paris Agreement and we are hopeful that the climate ambition will be increased and Paris Agreement fulfilled.,Statement of intent,"217 We are looking forward to the completion of the Paris Agreement and we are hopeful that the climate ambition will be increased and Paris Agreement fulfilled.
",Statement of intent,1
218,The pandemic has taught us that national solutions to global problems do not work.,Not relevant,"218 The pandemic has taught us that national solutions to global problems do not work.
",Not relevant,1
219, We come to Glasgow with global ambition to save our people and our planet but now find three gaps:  ,Statement of intent,"219  We come to Glasgow with global ambition to save our people and our planet but now find three gaps:  
",Statement of intent,1
220,On mitigation Climate pledges or NDCs -Without more we will leave the world on 2.7 degree pathway.,Not relevant,"220 On mitigation Climate pledges or NDCs -Without more we will leave the world on 2.7 degree pathway.
",Relevant,1
221, Those commitments based on technologies yet to be developed are at best reckless and at worst dangerous.,Not relevant,"221  Those commitments based on technologies yet to be developed are at best reckless and at worst dangerous.
",Relevant,1
222, On finance we are 20 billion dollars short of the 100 and this commitment MIGHT only be met in 2023.,Not relevant,"222  On finance we are 20 billion dollars short of the 100 and this commitment MIGHT only be met in 2023.
",Not relevant,1
223, On adaptation - Adaptation finance remains only 25 % – NOT the 50:50 split needed given the warming that is already taking place.,Not relevant,"223  On adaptation - Adaptation finance remains only 25 % – NOT the 50:50 split needed given the warming that is already taking place.
",Not relevant,1
224,Climate finance to frontline SiDs declined by 25% in 2019.,Not relevant,"224 Climate finance to frontline SiDs declined by 25% in 2019.
",Not relevant,1
225,Failure to provide this critical finance and that of loss and damage is measur ed in lives and livelihoods being lost in our communities.,Relevant,"225 Failure to provide this critical finance and that of loss and damage is measur ed in lives and livelihoods being lost in our communities.
",Relevant,1
226, It is immoral and unjust.,Relevant,"226  It is immoral and unjust.
",Relevant,1
227," If Glasgow is to deliver on the promises of Paris, it must close these three gaps.",Statement of intent,"227  If Glasgow is to deliver on the promises of Paris, it must close these three gaps.
",Statement of intent,1
228," So I ask - what must we say to our people living on the frontline in the Caribbean , Africa and the Pacific when both ambition and some of the needed faces are absent?",Not relevant,"228  So I ask - what must we say to our people living on the frontline in the Caribbean , Africa and the Pacific when both ambition and some of the needed faces are absent?
",Not relevant,1
229, What excuse should we give for their failure?,Not relevant,"229  What excuse should we give for their failure?
",Not relevant,1
230,IN THE WORDS OF EDDY GRANT ‘WILL THEY MOURN US ON THE FRONTLINE?’  When will we as world leaders address the pressing issue s that are cause our people to worry – be it climate or vaccines?,Not relevant,"230 IN THE WORDS OF EDDY GRANT ‘WILL THEY MOURN US ON THE FRONTLINE?’  When will we as world leaders address the pressing issue s that are cause our people to worry – be it climate or vaccines?
",Not relevant,1
231,When will leaders lead?,Not relevant,"231 When will leaders lead?
",Not relevant,1
232, Our people are watching and taking note.,Not relevant,"232  Our people are watching and taking note.
",Not relevant,1
233, Are we really going to leave Scotland without the resolve and ambition that is sorely needed to save lives and to save our planet?,Relevant,"233  Are we really going to leave Scotland without the resolve and ambition that is sorely needed to save lives and to save our planet?
",Relevant,1
234," I have been saying to Barbadians, many hands make light work.",Not relevant,"234  I have been saying to Barbadians, many hands make light work.
",Not relevant,1
235,Today we need  the correct mix of voices and ambition.,Not relevant,"235 Today we need  the correct mix of voices and ambition.
",Statement of intent,1
236, Do so me leaders believe they can survive and thrive on their own?,Not relevant,"236  Do so me leaders believe they can survive and thrive on their own?
",Not relevant,1
237,Can there be peace and prosperity in one third of the world if two thirds are UNDER siege and facing calamitous threats to their wellbeing?,Not relevant,"237 Can there be peace and prosperity in one third of the world if two thirds are UNDER siege and facing calamitous threats to their wellbeing?
",Relevant,1
238, What the world needs now is less than 200 persons who are willing and prepared to lead!! ,Not relevant,"238  What the world needs now is less than 200 persons who are willing and prepared to lead!! 
",Statement of intent,1
239,Leaders must not fail those who elect them to lead.,Relevant,"239 Leaders must not fail those who elect them to lead.
",Relevant,1
240, There is a sword that can cut down this Gordian knot; it has been wielded before.,Not relevant,"240  There is a sword that can cut down this Gordian knot; it has been wielded before.
",Relevant,1
241, The Central Banks of the wealthiest countries engaged in 25 trillion dollars of qu antitative easing in 13 years; $9 trillion in 18 months.,Not relevant,"241  The Central Banks of the wealthiest countries engaged in 25 trillion dollars of qu antitative easing in 13 years; $9 trillion in 18 months.
",Not relevant,1
242,"Had we used the $25trn to purchase bonds that financed the energy transition, we would BE keeping within 1.5 degrees.",Not relevant,"242 Had we used the $25trn to purchase bonds that financed the energy transition, we would BE keeping within 1.5 degrees.
",Relevant,1
243," An annual increase in SDRs of $500bn for 20 years put in a Trust to finance the transition is the REAL gap we need to close, not the $50bn being proposed FOR adaptation.",Relevant,"243  An annual increase in SDRs of $500bn for 20 years put in a Trust to finance the transition is the REAL gap we need to close, not the $50bn being proposed FOR adaptation.
",Relevant,1
244," If 500bn sounds big to you, it is just 2% of that $25trn.",Not relevant,"244  If 500bn sounds big to you, it is just 2% of that $25trn.
",Not relevant,1
245,This is the sword we need to wield.,Not relevant,"245 This is the sword we need to wield.
",Statement of intent,1
246, OUR excitement one hour into this event is far less than six months ago in the lead up.,Not relevant,"246  OUR excitement one hour into this event is far less than six months ago in the lead up.
",Not relevant,1
247, The world stands at a fork in the road; one no less significant than when the United Nations was first created in 1945.,Not relevant,"247  The world stands at a fork in the road; one no less significant than when the United Nations was first created in 1945.
",Relevant,1
248, Will we act in the interest of our people who are depending on us or will we allow the path of greed and selfis hness to sow the seeds of our common destruction?,Not relevant,"248  Will we act in the interest of our people who are depending on us or will we allow the path of greed and selfis hness to sow the seeds of our common destruction?
",Relevant,1
249," Leaders today, not leaders in 2030 or 2050, must make this choice.",Statement of intent,"249  Leaders today, not leaders in 2030 or 2050, must make this choice.
",Relevant,1
250, It is in our hands.,Not relevant,"250  It is in our hands.
",Relevant,1
251,Our people and our planet need it.,Relevant,"251 Our people and our planet need it.
",Relevant,1
252,I would like to start by reaffirming Kazakhstan’s solid and continued commitment to the goals and objectives of the Paris Agreement .,Statement of intent,"252 I would like to start by reaffirming Kazakhstan’s solid and continued commitment to the goals and objectives of the Paris Agreement .
",Statement of intent,1
253,"As you know, our country has set out the ambitious target of achieving Net Zero by 2060 .",Not relevant,"253 As you know, our country has set out the ambitious target of achieving Net Zero by 2060 .
",Statement of intent,1
254,"As part of this, we are planning to adopt our first-ever Low-Carbon Development Strategy by the end of this year.",Statement of intent,"254 As part of this, we are planning to adopt our first-ever Low-Carbon Development Strategy by the end of this year.
",Statement of intent,1
255,This will mark a historic moment: the first time a country in Central Asia has laid out such an ambitious document.,Statement of intent,"255 This will mark a historic moment: the first time a country in Central Asia has laid out such an ambitious document.
",Not relevant,1
256,This strategy will update our Nationally Determined Contributions : in it we will pledge to achieve an unconditional 15% reduction of our carbon emissions by 2030 .,Statement of intent,"256 This strategy will update our Nationally Determined Contributions : in it we will pledge to achieve an unconditional 15% reduction of our carbon emissions by 2030 .
",Statement of intent,1
257,We have also set a conditional target of 25% that relies on the possibility of additional support from international partner s.,Not relevant,"257 We have also set a conditional target of 25% that relies on the possibility of additional support from international partner s.
",Statement of intent,1
258,"Currently, “green” energy represents 3% of Kazakhstan’s total energy supply.",Not relevant,"258 Currently, “green” energy represents 3% of Kazakhstan’s total energy supply.
",Not relevant,1
259,We have set a target of increasing our renewable energy supply to 15% – that is at least 7 additional gigawatts by 2030 .,Not relevant,"259 We have set a target of increasing our renewable energy supply to 15% – that is at least 7 additional gigawatts by 2030 .
",Statement of intent,1
260,Kazakhstan has the potential to be a global green energy powerhouse.,Not relevant,"260 Kazakhstan has the potential to be a global green energy powerhouse.
",Not relevant,1
261,"Therefore, we are ready to act as a regional hub for renewables and to drive Central Asia’s green transition.",Not relevant,"261 Therefore, we are ready to act as a regional hub for renewables and to drive Central Asia’s green transition.
",Statement of intent,1
262, Green hydrogen will play a key role in this transition.,Not relevant,"262  Green hydrogen will play a key role in this transition.
",Not relevant,1
263,International experts believe that our country can become one of the ten largest hydrogen exporters .,Not relevant,"263 International experts believe that our country can become one of the ten largest hydrogen exporters .
",Not relevant,1
264,"In addition, Kazakhstan has a unique role to play in the global energy transition, thanks to its significant reserves of critical raw materials and elements.",Not relevant,"264 In addition, Kazakhstan has a unique role to play in the global energy transition, thanks to its significant reserves of critical raw materials and elements.
",Not relevant,1
265,Our country holds more than 60 major deposits of precious and non -ferrous metals .,Not relevant,"265 Our country holds more than 60 major deposits of precious and non -ferrous metals .
",Not relevant,1
266,We stand ready to offer these critical resources for exploration and development .,Statement of intent,"266 We stand ready to offer these critical resources for exploration and development .
",Statement of intent,1
267,"As well as investing in the future of the energy transition, we are also taking urgent action to mitigate our carbon emissions.",Not relevant,"267 As well as investing in the future of the energy transition, we are also taking urgent action to mitigate our carbon emissions.
",Statement of intent,1
268,"Underpinning this effort, the National Emissions Trading System has already proved to be an effective mechanism for stimulating innovations in both emissions reduction and energy efficiency.",Not relevant,"268 Underpinning this effort, the National Emissions Trading System has already proved to be an effective mechanism for stimulating innovations in both emissions reduction and energy efficiency.
",Not relevant,1
269,"Separately, I would like to mention the importance of technological modernization .",Statement of intent,"269 Separately, I would like to mention the importance of technological modernization .
",Not relevant,1
270,"There is a critical need to leverage knowle dge-sharing and technology -transfer, including within the Paris Agreement.",Relevant,"270 There is a critical need to leverage knowle dge-sharing and technology -transfer, including within the Paris Agreement.
",Relevant,1
271,"Therefore , we are developing a framework which will help Kazakhstan to adapt the best available practices from around the world in green technologies.",Not relevant,"271 Therefore , we are developing a framework which will help Kazakhstan to adapt the best available practices from around the world in green technologies.
",Statement of intent,1
272,"At the same time, we are devoting special attention to stimulating green investment .",Not relevant,"272 At the same time, we are devoting special attention to stimulating green investment .
",Statement of intent,1
273, We are prepared to use the Astana International Financial Center as a unique regional investment hub for green finance.,Statement of intent,"273  We are prepared to use the Astana International Financial Center as a unique regional investment hub for green finance.
",Statement of intent,1
274," Dear participants !  Today, the temperature in Central Asia is increasing twice as fast as the global average .",Not relevant,"274  Dear participants !  Today, the temperature in Central Asia is increasing twice as fast as the global average .
",Not relevant,1
275," To meet the urgent demands created by rapid global warming, we have significant adaptation efforts underway within our new Environmental Code.",Not relevant,"275  To meet the urgent demands created by rapid global warming, we have significant adaptation efforts underway within our new Environmental Code.
",Relevant,1
276,"The focus is on the four most vulnerable sectors: water, agriculture, forestry and disaster risk reduction.",Not relevant,"276 The focus is on the four most vulnerable sectors: water, agriculture, forestry and disaster risk reduction.
",Not relevant,1
277,"Last year, we joined the Declaration on Forests and Land Use and the Commitment to Education and Youth Involvement.",Not relevant,"277 Last year, we joined the Declaration on Forests and Land Use and the Commitment to Education and Youth Involvement.
",Not relevant,1
278,We are also on track to meet our ambitious target of planting 2 billion trees by 2025 .,Not relevant,"278 We are also on track to meet our ambitious target of planting 2 billion trees by 2025 .
",Statement of intent,1
279," Ladies and Gentlemen !  To conclude , I would like once again to highlight the scale of the unprecedented challenges we face.",Not relevant,"279  Ladies and Gentlemen !  To conclude , I would like once again to highlight the scale of the unprecedented challenges we face.
",Not relevant,1
280,"In this regard, we require bold solutions, and development models that are fair, equitable, and sustainable.",Relevant,"280 In this regard, we require bold solutions, and development models that are fair, equitable, and sustainable.
",Relevant,1
281,Kazakhstan is ready to collaborate with all international partners across the entire climate agenda.,Statement of intent,"281 Kazakhstan is ready to collaborate with all international partners across the entire climate agenda.
",Statement of intent,1
282,Thank you .,Not relevant,"282 Thank you .
",Not relevant,1
283,"Mr. President, Your Excellencies,  Ladies and Gentlemen,   We have all come together here in Dubai at a crucial moment.",Not relevant,"283 Mr. President, Your Excellencies,  Ladies and Gentlemen,   We have all come together here in Dubai at a crucial moment.
",Not relevant,1
284," For me, for Belgium, and for many people I've spoken to in recent weeks, this COP is the most important since Paris.",Not relevant,"284  For me, for Belgium, and for many people I've spoken to in recent weeks, this COP is the most important since Paris.
",Statement of intent,1
285,"  Because, it’s high time to turn our words and promises into action.",Statement of intent,"285   Because, it’s high time to turn our words and promises into action.
",Relevant,1
286, It is time to talk about solutions instead of problems! To talk ab out hope instead of fear!  ,Statement of intent,"286  It is time to talk about solutions instead of problems! To talk ab out hope instead of fear!  
",Relevant,1
287,"In order to attain our goals, we need everyone on board, governments, and even more our people and private sector.",Relevant,"287 In order to attain our goals, we need everyone on board, governments, and even more our people and private sector.
",Statement of intent,1
288,"Science tells us that : “unless there are immediate, rapid and large scale reductions in greenhouse gas emissions, limiting global warming to 1.5°C will be beyond reach ”.",Not relevant,"288 Science tells us that : “unless there are immediate, rapid and large scale reductions in greenhouse gas emissions, limiting global warming to 1.5°C will be beyond reach ”.
",Relevant,1
289, Even those who don't believe in science can no longer close their eyes.,Not relevant,"289  Even those who don't believe in science can no longer close their eyes.
",Relevant,1
290,The climate emergency is upon us.,Not relevant,"290 The climate emergency is upon us.
",Relevant,1
291,Its effects reverberate across the globe.,Not relevant,"291 Its effects reverberate across the globe.
",Relevant,1
292,This is the reality .,Not relevant,"292 This is the reality .
",Not relevant,1
293, But the reality is also that there are many reasons to be hopeful.,Not relevant,"293  But the reality is also that there are many reasons to be hopeful.
",Relevant,1
294,  It’s a fact : a record -breaking 340 billion euro have been invested in renewable energy globally this year.,Not relevant,"294   It’s a fact : a record -breaking 340 billion euro have been invested in renewable energy globally this year.
",Not relevant,1
295, It’s a fact that many climate analysts believe that carbon emissions will peak in the coming years .,Not relevant,"295  It’s a fact that many climate analysts believe that carbon emissions will peak in the coming years .
",Not relevant,1
296, It’s a fact : more and more people are on board when it comes to accelerate our actions  Young and old.,Not relevant,"296  It’s a fact : more and more people are on board when it comes to accelerate our actions  Young and old.
",Not relevant,1
297,With ideals and ideas.,Not relevant,"297 With ideals and ideas.
",Not relevant,1
298, Academics and entrepreneurs .,Not relevant,"298  Academics and entrepreneurs .
",Not relevant,1
299," Whose discoveries and technologies provide concrete and sometimes very simple answers to the challenges of recycling, water decontamination and greenhouse gas capture.",Not relevant,"299  Whose discoveries and technologies provide concrete and sometimes very simple answers to the challenges of recycling, water decontamination and greenhouse gas capture.
",Not relevant,1
300,  My message to you is that the climate issue belongs neither to the deniers nor to the alarmists.,Not relevant,"300   My message to you is that the climate issue belongs neither to the deniers nor to the alarmists.
",Relevant,1
301, It belongs to those who get up early.,Not relevant,"301  It belongs to those who get up early.
",Relevant,1
302, To those who grab every opportunity to contribute in speeding up the transition.,Not relevant,"302  To those who grab every opportunity to contribute in speeding up the transition.
",Relevant,1
303," If we want to peak emissions now and reduce global emissions by 43% by 2030 compared to 1990 , we need ecology and economy.",Not relevant,"303  If we want to peak emissions now and reduce global emissions by 43% by 2030 compared to 1990 , we need ecology and economy.
",Relevant,1
304,"Too often they have been opposed one against the other, while in fact they are reinforcing each other.",Not relevant,"304 Too often they have been opposed one against the other, while in fact they are reinforcing each other.
",Relevant,1
305, We will not build a climate paradise on an industrial wasteland.,Statement of intent,"305  We will not build a climate paradise on an industrial wasteland.
",Relevant,1
306," In our run to net zero future by 2050, we need c lean tech , green chemistry, green steel production and green construction sites.",Not relevant,"306  In our run to net zero future by 2050, we need c lean tech , green chemistry, green steel production and green construction sites.
",Statement of intent,1
307, The good news is that we're already building that future.,Not relevant,"307  The good news is that we're already building that future.
",Not relevant,1
308, Our North Sea wind turbines will produce enough green offshore electricity by 2030 to cover the equivalent of the electricity consumption of 5 million households.,Statement of intent,"308  Our North Sea wind turbines will produce enough green offshore electricity by 2030 to cover the equivalent of the electricity consumption of 5 million households.
",Not relevant,1
309,"  In Ghent, €1 billion will be invested to produce the most durable steel in the world .",Statement of intent,"309   In Ghent, €1 billion will be invested to produce the most durable steel in the world .
",Not relevant,1
310," And from Liège, we are revolutionizing the hydrogen industry with cutting edge technology .",Not relevant,"310  And from Liège, we are revolutionizing the hydrogen industry with cutting edge technology .
",Not relevant,1
311, What we need now is a conduc ive environment to accelerate progress globally .,Relevant,"311  What we need now is a conduc ive environment to accelerate progress globally .
",Statement of intent,1
312,Phasing out fossil fuels – and in this regard Belgium ended direct public finance for unabated fossil fuels – and shifting resources towards renewables will be needed in order to triple renewable energy and double energy efficiency.,Not relevant,"312 Phasing out fossil fuels – and in this regard Belgium ended direct public finance for unabated fossil fuels – and shifting resources towards renewables will be needed in order to triple renewable energy and double energy efficiency.
",Relevant,1
313, We will only reach these goals when innovations and good practices will be accessible to everyone.,Relevant,"313  We will only reach these goals when innovations and good practices will be accessible to everyone.
",Relevant,1
314,"To all SMEs, to all households, in every corner of the world.",Not relevant,"314 To all SMEs, to all households, in every corner of the world.
",Relevant,1
315, In Europe we need to create the right incentives to support our economy in realizing this ambition.,Relevant,"315  In Europe we need to create the right incentives to support our economy in realizing this ambition.
",Statement of intent,1
316,As the incoming president of the European Union this will be my priority.,Statement of intent,"316 As the incoming president of the European Union this will be my priority.
",Statement of intent,1
317,  Europe will obviously not win the Climate race alone. Partnerships are crucial .,Statement of intent,"317   Europe will obviously not win the Climate race alone. Partnerships are crucial .
",Relevant,1
318," Especially with Africa , which harnesses 40% of the global solar energy potential and – as stated by President Ruto of Kenya at the African climate summit – has the potential to become the green engine of the world  Belgium has already partnered up with countries such as Namibia, Morocco, and Egypt to accelerate this green revolu tion.",Not relevant,"318  Especially with Africa , which harnesses 40% of the global solar energy potential and – as stated by President Ruto of Kenya at the African climate summit – has the potential to become the green engine of the world  Belgium has already partnered up with countries such as Namibia, Morocco, and Egypt to accelerate this green revolu tion.
",Relevant,1
319," In wind, in solar, in hydrogen.",Not relevant,"319  In wind, in solar, in hydrogen.
",Not relevant,1
320,   We have increased our climate finance to approximately 150 million .,Not relevant,"320    We have increased our climate finance to approximately 150 million .
",Not relevant,1
321,Focusing our efforts on biodiversity and sustainable development.,Not relevant,"321 Focusing our efforts on biodiversity and sustainable development.
",Not relevant,1
322," In the Sahel region, we are implementing a 5 -year 50 million euros program supporting the Great Green Wall initiative.",Not relevant,"322  In the Sahel region, we are implementing a 5 -year 50 million euros program supporting the Great Green Wall initiative.
",Not relevant,1
323, We are exploring innovative instruments such as debt for climate swaps.,Not relevant,"323  We are exploring innovative instruments such as debt for climate swaps.
",Not relevant,1
324," In Mozambique , such instrument will facilitate the implementation of the national loss and damage strategy.",Statement of intent,"324  In Mozambique , such instrument will facilitate the implementation of the national loss and damage strategy.
",Not relevant,1
325," Mr. President, Your Excellencies,  Ladies and Gentlemen,   We're only going to get this under control if we work together, And if our citizens engage in creating a more prosperous, more inclusive and healthier society.",Relevant,"325  Mr. President, Your Excellencies,  Ladies and Gentlemen,   We're only going to get this under control if we work together, And if our citizens engage in creating a more prosperous, more inclusive and healthier society.
",Relevant,1
326," The most important result of COP28 that I would hope for , is to create this dynamic of action and trust.",Statement of intent,"326  The most important result of COP28 that I would hope for , is to create this dynamic of action and trust.
",Statement of intent,1
327," Trust that “WE” , governments together with our industry , our farmers AND everyone, will be able to achieve the Paris Agreement goals.",Statement of intent,"327  Trust that “WE” , governments together with our industry , our farmers AND everyone, will be able to achieve the Paris Agreement goals.
",Relevant,1
329,"But for that, we need….to scale up the solutions that are in front of our eyes  Show what we're already capable of, and create this safe space to accelerate our efforts .",Statement of intent,"329 But for that, we need….to scale up the solutions that are in front of our eyes  Show what we're already capable of, and create this safe space to accelerate our efforts .
",Relevant,1
330,  I thank you.,Not relevant,"330   I thank you.
",Not relevant,1
