unique_id,text,relevance_0_x,relevance_1_x,relevance_2_x,llm_query,relevance_0_y,relevance_1_y,relevance_2_y,iteration
1," On beha lf of the government of Japan , I would like to express my sinc ere appr eciation to His Excellency , Minister Marcin Korolec and his government for hosting the COP 19 presidency .",1,0,0,"1  On beha lf of the government of Japan , I would like to express my sinc ere appr eciation to His Excellency , Minister Marcin Korolec and his government for hosting the COP 19 presidency .
", 0 , 0 , 0,1
1," On beha lf of the government of Japan , I would like to express my sinc ere appr eciation to His Excellency , Minister Marcin Korolec and his government for hosting the COP 19 presidency .",1,0,0,"1  On beha lf of the government of Japan , I would like to express my sinc ere appr eciation to His Excellency , Minister Marcin Korolec and his government for hosting the COP 19 presidency .
", 0 , 0 , 0,2
1," On beha lf of the government of Japan , I would like to express my sinc ere appr eciation to His Excellency , Minister Marcin Korolec and his government for hosting the COP 19 presidency .",1,0,0,"1  On beha lf of the government of Japan , I would like to express my sinc ere appr eciation to His Excellency , Minister Marcin Korolec and his government for hosting the COP 19 presidency .
", 0 , 0 , 0,3
2, I would also like to expr ess my d eepest condolence to the people of the Philippines and other countries who have been suffering from the r ecent typhoon.,1,0,0,"2  I would also like to expr ess my d eepest condolence to the people of the Philippines and other countries who have been suffering from the r ecent typhoon.
", 0 , 0 , 0,1
2, I would also like to expr ess my d eepest condolence to the people of the Philippines and other countries who have been suffering from the r ecent typhoon.,1,0,0,"2  I would also like to expr ess my d eepest condolence to the people of the Philippines and other countries who have been suffering from the r ecent typhoon.
", 0 , 0 , 0,2
2, I would also like to expr ess my d eepest condolence to the people of the Philippines and other countries who have been suffering from the r ecent typhoon.,1,0,0,"2  I would also like to expr ess my d eepest condolence to the people of the Philippines and other countries who have been suffering from the r ecent typhoon.
", 0 , 0 , 0,3
3, Mr. President:  A fair and effective framework with the participation of all countries needs to be adopted at COP 21 in 2015 to ensure emissions reduction at the global level .,0,0,1,"3  Mr. President:  A fair and effective framework with the participation of all countries needs to be adopted at COP 21 in 2015 to ensure emissions reduction at the global level .
", 1 , 0 , 2,1
3, Mr. President:  A fair and effective framework with the participation of all countries needs to be adopted at COP 21 in 2015 to ensure emissions reduction at the global level .,0,0,1,"3  Mr. President:  A fair and effective framework with the participation of all countries needs to be adopted at COP 21 in 2015 to ensure emissions reduction at the global level .
", 1 , 1 , 1,2
3, Mr. President:  A fair and effective framework with the participation of all countries needs to be adopted at COP 21 in 2015 to ensure emissions reduction at the global level .,0,0,1,"3  Mr. President:  A fair and effective framework with the participation of all countries needs to be adopted at COP 21 in 2015 to ensure emissions reduction at the global level .
", 1 , 2 , 2,3
4," In this regard, Japan firmly supports the establishment of a post-2020 framework. ",0,1,0,"4  In this regard, Japan firmly supports the establishment of a post-2020 framework. 
", 1 , 0 , 2,1
4," In this regard, Japan firmly supports the establishment of a post-2020 framework. ",0,1,0,"4  In this regard, Japan firmly supports the establishment of a post-2020 framework. 
", 1 , 1 , 1,2
4," In this regard, Japan firmly supports the establishment of a post-2020 framework. ",0,1,0,"4  In this regard, Japan firmly supports the establishment of a post-2020 framework. 
", 1 , 1 , 2,3
5,Such a framework must be based on “nationally -determined” commitment and an effective international transparency mechanism.,0,0,1,"5 Such a framework must be based on “nationally -determined” commitment and an effective international transparency mechanism.
", 1 , 0 , 2,1
5,Such a framework must be based on “nationally -determined” commitment and an effective international transparency mechanism.,0,0,1,"5 Such a framework must be based on “nationally -determined” commitment and an effective international transparency mechanism.
", 1 , 1 , 1,2
5,Such a framework must be based on “nationally -determined” commitment and an effective international transparency mechanism.,0,0,1,"5 Such a framework must be based on “nationally -determined” commitment and an effective international transparency mechanism.
", 1 , 2 , 2,3
6, I will devote myself toward the s uccessful outcome at this COP19 .,0,1,0,"6  I will devote myself toward the s uccessful outcome at this COP19 .
", 0 , 0 , 0,1
6, I will devote myself toward the s uccessful outcome at this COP19 .,0,1,0,"6  I will devote myself toward the s uccessful outcome at this COP19 .
", 0 , 0 , 0,2
6, I will devote myself toward the s uccessful outcome at this COP19 .,0,1,0,"6  I will devote myself toward the s uccessful outcome at this COP19 .
", 0 , 0 , 0,3
7, Mr. President:  The Great East Japan Earthquake and n uclear Power Plant’ s Accident in March 2011 caused drastic changes in the energy situations .,1,0,0,"7  Mr. President:  The Great East Japan Earthquake and n uclear Power Plant’ s Accident in March 2011 caused drastic changes in the energy situations .
", 1 , 0 , 1,1
7, Mr. President:  The Great East Japan Earthquake and n uclear Power Plant’ s Accident in March 2011 caused drastic changes in the energy situations .,1,0,0,"7  Mr. President:  The Great East Japan Earthquake and n uclear Power Plant’ s Accident in March 2011 caused drastic changes in the energy situations .
", 1 , 1 , 1,2
7, Mr. President:  The Great East Japan Earthquake and n uclear Power Plant’ s Accident in March 2011 caused drastic changes in the energy situations .,1,0,0,"7  Mr. President:  The Great East Japan Earthquake and n uclear Power Plant’ s Accident in March 2011 caused drastic changes in the energy situations .
", 1 , 1 , 0,3
8, Even under such circumstance both the public and private sectors of Japan have made utmost efforts to address climate change.,1,0,0,"8  Even under such circumstance both the public and private sectors of Japan have made utmost efforts to address climate change.
", 1 , 0 , 1,1
8, Even under such circumstance both the public and private sectors of Japan have made utmost efforts to address climate change.,1,0,0,"8  Even under such circumstance both the public and private sectors of Japan have made utmost efforts to address climate change.
", 1 , 1 , 1,2
8, Even under such circumstance both the public and private sectors of Japan have made utmost efforts to address climate change.,1,0,0,"8  Even under such circumstance both the public and private sectors of Japan have made utmost efforts to address climate change.
", 1 , 1 , 2,3
9, Our greenhouse gas emissions for the first commitme nt period is forecasted to be 8.2 percent lower compared to the base year. ,1,0,0,"9  Our greenhouse gas emissions for the first commitme nt period is forecasted to be 8.2 percent lower compared to the base year. 
", 1 , 0 , 0,1
9, Our greenhouse gas emissions for the first commitme nt period is forecasted to be 8.2 percent lower compared to the base year. ,1,0,0,"9  Our greenhouse gas emissions for the first commitme nt period is forecasted to be 8.2 percent lower compared to the base year. 
", 1 , 1 , 1,2
9, Our greenhouse gas emissions for the first commitme nt period is forecasted to be 8.2 percent lower compared to the base year. ,1,0,0,"9  Our greenhouse gas emissions for the first commitme nt period is forecasted to be 8.2 percent lower compared to the base year. 
", 1 , 0 , 1,3
11," As the next step, Japan has set a target to reduce emissions by 3.8 percent compared to the 2005 level in 2020.  ",1,0,0,"11  As the next step, Japan has set a target to reduce emissions by 3.8 percent compared to the 2005 level in 2020.  
", 1 , 0 , 1,1
11," As the next step, Japan has set a target to reduce emissions by 3.8 percent compared to the 2005 level in 2020.  ",1,0,0,"11  As the next step, Japan has set a target to reduce emissions by 3.8 percent compared to the 2005 level in 2020.  
", 1 , 1 , 1,2
11," As the next step, Japan has set a target to reduce emissions by 3.8 percent compared to the 2005 level in 2020.  ",1,0,0,"11  As the next step, Japan has set a target to reduce emissions by 3.8 percent compared to the 2005 level in 2020.  
", 1 , 1 , 1,3
12, This target may appear to be less ambitious.,1,0,0,"12  This target may appear to be less ambitious.
", 1 , 0 , 1,1
12, This target may appear to be less ambitious.,1,0,0,"12  This target may appear to be less ambitious.
", 1 , 0 , 1,2
12, This target may appear to be less ambitious.,1,0,0,"12  This target may appear to be less ambitious.
", 1 , 1 , 1,3
13," However, this is an ambitious target .",1,0,0,"13  However, this is an ambitious target .
", 1 , 0 , 1,1
13," However, this is an ambitious target .",1,0,0,"13  However, this is an ambitious target .
", 1 , 0 , 1,2
13," However, this is an ambitious target .",1,0,0,"13  However, this is an ambitious target .
", 1 , 1 , 1,3
14, It requires Japan to improve its energy efficiency by 20 percent when it is already at the world’s top level .,1,0,0,"14  It requires Japan to improve its energy efficiency by 20 percent when it is already at the world’s top level .
", 1 , 0 , 1,1
14, It requires Japan to improve its energy efficiency by 20 percent when it is already at the world’s top level .,1,0,0,"14  It requires Japan to improve its energy efficiency by 20 percent when it is already at the world’s top level .
", 1 , 0 , 1,2
14, It requires Japan to improve its energy efficiency by 20 percent when it is already at the world’s top level .,1,0,0,"14  It requires Japan to improve its energy efficiency by 20 percent when it is already at the world’s top level .
", 1 , 0 , 1,3
15, This is a target for the time being.,1,0,0,"15  This is a target for the time being.
", 1 , 0 , 0,1
15, This is a target for the time being.,1,0,0,"15  This is a target for the time being.
", 1 , 0 , 1,2
15, This is a target for the time being.,1,0,0,"15  This is a target for the time being.
", 1 , 0 , 0,3
16, It was determined without taking into account the emissions reduction effect by nuclear power.,1,0,0,"16  It was determined without taking into account the emissions reduction effect by nuclear power.
", 1 , 0 , 0,1
16, It was determined without taking into account the emissions reduction effect by nuclear power.,1,0,0,"16  It was determined without taking into account the emissions reduction effect by nuclear power.
", 1 , 0 , 1,2
16, It was determined without taking into account the emissions reduction effect by nuclear power.,1,0,0,"16  It was determined without taking into account the emissions reduction effect by nuclear power.
", 1 , 0 , 0,3
17, Consideration is underway on energy policy .,1,0,0,"17  Consideration is underway on energy policy .
", 1 , 0 , 0,1
17, Consideration is underway on energy policy .,1,0,0,"17  Consideration is underway on energy policy .
", 1 , 0 , 1,2
17, Consideration is underway on energy policy .,1,0,0,"17  Consideration is underway on energy policy .
", 1 , 1 , 0,3
18, We will conduct further review in line with its progress .,0,1,0,"18  We will conduct further review in line with its progress .
", 1 , 1 , 0,1
18, We will conduct further review in line with its progress .,0,1,0,"18  We will conduct further review in line with its progress .
", 1 , 1 , 1,2
18, We will conduct further review in line with its progress .,0,1,0,"18  We will conduct further review in line with its progress .
", 1 , 1 , 1,3
19," And then, a firm target will eventually be set .",0,1,0,"19  And then, a firm target will eventually be set .
", 1 , 0 , 1,1
19," And then, a firm target will eventually be set .",0,1,0,"19  And then, a firm target will eventually be set .
", 1 , 1 , 1,2
19," And then, a firm target will eventually be set .",0,1,0,"19  And then, a firm target will eventually be set .
", 1 , 1 , 1,3
21, We will strategically promote mitigation measures .,0,1,0,"21  We will strategically promote mitigation measures .
", 0 , 1 , 1,1
21, We will strategically promote mitigation measures .,0,1,0,"21  We will strategically promote mitigation measures .
", 1 , 1 , 1,2
21, We will strategically promote mitigation measures .,0,1,0,"21  We will strategically promote mitigation measures .
", 1 , 1 , 1,3
22," We will enhance development and demonstration of renewable energy -related technologies such as offshore wind power, geothermal power and rechargeable batteries .",0,1,0,"22  We will enhance development and demonstration of renewable energy -related technologies such as offshore wind power, geothermal power and rechargeable batteries .
", 1 , 1 , 1,1
22," We will enhance development and demonstration of renewable energy -related technologies such as offshore wind power, geothermal power and rechargeable batteries .",0,1,0,"22  We will enhance development and demonstration of renewable energy -related technologies such as offshore wind power, geothermal power and rechargeable batteries .
", 1 , 1 , 1,2
22," We will enhance development and demonstration of renewable energy -related technologies such as offshore wind power, geothermal power and rechargeable batteries .",0,1,0,"22  We will enhance development and demonstration of renewable energy -related technologies such as offshore wind power, geothermal power and rechargeable batteries .
", 1 , 1 , 1,3
23, Japan is hosting the IPCC session next March.,1,0,0,"23  Japan is hosting the IPCC session next March.
", 1 , 0 , 0,1
23, Japan is hosting the IPCC session next March.,1,0,0,"23  Japan is hosting the IPCC session next March.
", 1 , 0 , 0,2
23, Japan is hosting the IPCC session next March.,1,0,0,"23  Japan is hosting the IPCC session next March.
", 1 , 0 , 0,3
24," Using that opportunity, we will launch a new public awareness campaign to further encourage low-carbon lifestyles.",0,1,0,"24  Using that opportunity, we will launch a new public awareness campaign to further encourage low-carbon lifestyles.
", 1 , 1 , 1,1
24," Using that opportunity, we will launch a new public awareness campaign to further encourage low-carbon lifestyles.",0,1,0,"24  Using that opportunity, we will launch a new public awareness campaign to further encourage low-carbon lifestyles.
", 1 , 1 , 1,2
24," Using that opportunity, we will launch a new public awareness campaign to further encourage low-carbon lifestyles.",0,1,0,"24  Using that opportunity, we will launch a new public awareness campaign to further encourage low-carbon lifestyles.
", 1 , 1 , 1,3
25, Mr. President:  Japan reaffirms the goal to reduce emissions by 50 percent at the global level and by 80 percent in the developed world by 2050.,0,1,0,"25  Mr. President:  Japan reaffirms the goal to reduce emissions by 50 percent at the global level and by 80 percent in the developed world by 2050.
", 1 , 1 , 1,1
25, Mr. President:  Japan reaffirms the goal to reduce emissions by 50 percent at the global level and by 80 percent in the developed world by 2050.,0,1,0,"25  Mr. President:  Japan reaffirms the goal to reduce emissions by 50 percent at the global level and by 80 percent in the developed world by 2050.
", 1 , 1 , 1,2
25, Mr. President:  Japan reaffirms the goal to reduce emissions by 50 percent at the global level and by 80 percent in the developed world by 2050.,0,1,0,"25  Mr. President:  Japan reaffirms the goal to reduce emissions by 50 percent at the global level and by 80 percent in the developed world by 2050.
", 1 , 1 , 1,3
26, Now is the time for Japan to take “ Actions for a Cool Earth” as advocated by Prime Minister Shinzo Abe.,0,1,0,"26  Now is the time for Japan to take “ Actions for a Cool Earth” as advocated by Prime Minister Shinzo Abe.
", 0 , 1 , 1,1
26, Now is the time for Japan to take “ Actions for a Cool Earth” as advocated by Prime Minister Shinzo Abe.,0,1,0,"26  Now is the time for Japan to take “ Actions for a Cool Earth” as advocated by Prime Minister Shinzo Abe.
", 1 , 1 , 1,2
26, Now is the time for Japan to take “ Actions for a Cool Earth” as advocated by Prime Minister Shinzo Abe.,0,1,0,"26  Now is the time for Japan to take “ Actions for a Cool Earth” as advocated by Prime Minister Shinzo Abe.
", 1 , 1 , 1,3
27,"First, Japan will promote further technological innovation . ",0,1,0,"27 First, Japan will promote further technological innovation . 
", 1 , 1 , 1,1
27,"First, Japan will promote further technological innovation . ",0,1,0,"27 First, Japan will promote further technological innovation . 
", 1 , 1 , 1,2
27,"First, Japan will promote further technological innovation . ",0,1,0,"27 First, Japan will promote further technological innovation . 
", 1 , 1 , 1,3
28," In this context, Japan’s public and private sectors plan to invest a total of 110 billion US dollars domestically over the next five years.",0,1,0,"28  In this context, Japan’s public and private sectors plan to invest a total of 110 billion US dollars domestically over the next five years.
", 1 , 1 , 1,1
28," In this context, Japan’s public and private sectors plan to invest a total of 110 billion US dollars domestically over the next five years.",0,1,0,"28  In this context, Japan’s public and private sectors plan to invest a total of 110 billion US dollars domestically over the next five years.
", 1 , 1 , 1,2
28," In this context, Japan’s public and private sectors plan to invest a total of 110 billion US dollars domestically over the next five years.",0,1,0,"28  In this context, Japan’s public and private sectors plan to invest a total of 110 billion US dollars domestically over the next five years.
", 1 , 1 , 1,3
29,"Second, Japan will promote the application of Japanese low-carbon.",0,1,0,"29 Second, Japan will promote the application of Japanese low-carbon.
", 1 , 1 , 1,1
29,"Second, Japan will promote the application of Japanese low-carbon.",0,1,0,"29 Second, Japan will promote the application of Japanese low-carbon.
", 1 , 1 , 1,2
29,"Second, Japan will promote the application of Japanese low-carbon.",0,1,0,"29 Second, Japan will promote the application of Japanese low-carbon.
", 1 , 1 , 1,3
